{"cameraMode":{"drawMode":0,"name":"Shaded","section":"Shading Mode"},"sceneLighting":true,"audioPlay":false,"sceneViewState":{"m_AlwaysRefresh":false,"showFog":true,"showSkybox":true,"showFlares":true,"showImageEffects":true,"showParticleSystems":true,"showVisualEffectGraphs":true,"m_FxEnabled":true},"in2DMode":false,"pivot":{"x":0.48981866240501406,"y":2.615679979324341,"z":-4.291922092437744},"rotation":{"x":0.02129667066037655,"y":-0.7112224698066711,"z":0.021563779562711717,"w":0.7023298740386963},"size":4.827542781829834,"orthographic":false}